<?xml version = "1.0" ?>
<?xml-stylesheet type="text/xsl" href="Bill of Materials-G403A_SensorFrontPanel.xsl"?>
<!DOCTYPE GRID [
  <!ELEMENT GRID (BANDS, COLUMNS, ROWS*)>
  <!ATTLIST GRID ExportVersion CDATA #REQUIRED>
  <!ELEMENT BANDS (BAND*)>
  <!ELEMENT BAND EMPTY>
  <!ATTLIST BAND Index CDATA #REQUIRED>
  <!ATTLIST BAND Caption CDATA #IMPLIED>
  <!ELEMENT COLUMNS (COLUMN*)>
  <!ELEMENT COLUMN EMPTY>
  <!ATTLIST COLUMN Name CDATA #REQUIRED>
  <!ATTLIST COLUMN Caption CDATA #IMPLIED>
  <!ATTLIST COLUMN Index CDATA #REQUIRED>
  <!ATTLIST COLUMN BandIndex CDATA #REQUIRED>
  <!ATTLIST COLUMN RowIndex CDATA #REQUIRED>
  <!ATTLIST COLUMN ColIndex CDATA #REQUIRED>
  <!ATTLIST COLUMN Width CDATA #IMPLIED>
  <!ELEMENT GROUP (GROUP*, ROW*)>
  <!ATTLIST GROUP GroupText CDATA #IMPLIED>
  <!ELEMENT ROWS (ROW*)>
  <!ELEMENT ROW EMPTY>
  <!ATTLIST ROW Designator CDATA #IMPLIED>
  <!ATTLIST ROW Value CDATA #IMPLIED>
  <!ATTLIST ROW Footprint CDATA #IMPLIED>
  <!ATTLIST ROW ParamDesc1 CDATA #IMPLIED>
  <!ATTLIST ROW ParamDesc2 CDATA #IMPLIED>
  <!ATTLIST ROW Quantity CDATA #IMPLIED>
]>
<GRID ExportVersion="1.0">
  <BANDS>
    <BAND Index="0" Caption=""></BAND>
  </BANDS>
  <COLUMNS>
    <COLUMN Name="Designator" Caption="Designator" Index="0" BandIndex="0" RowIndex="0" ColIndex="0" Width="173"></COLUMN>
    <COLUMN Name="Value" Caption="Value" Index="1" BandIndex="0" RowIndex="0" ColIndex="1" Width="96"></COLUMN>
    <COLUMN Name="Footprint" Caption="Footprint" Index="2" BandIndex="0" RowIndex="0" ColIndex="2" Width="148"></COLUMN>
    <COLUMN Name="ParamDesc1" Caption="ParamDesc1" Index="3" BandIndex="0" RowIndex="0" ColIndex="3" Width="83"></COLUMN>
    <COLUMN Name="ParamDesc2" Caption="ParamDesc2" Index="4" BandIndex="0" RowIndex="0" ColIndex="4" Width="83"></COLUMN>
    <COLUMN Name="Quantity" Caption="Quantity" Index="5" BandIndex="0" RowIndex="0" ColIndex="5" Width="84"></COLUMN>
  </COLUMNS>
  <ROWS>
    <ROW Designator="C1, C2" Value="0.1 &#1084;&#1082;&#1060;" Footprint="CAPC1608X45N&#40;0603&#41;" ParamDesc1="" ParamDesc2="" Quantity="2"></ROW>
    <ROW Designator="DD1" Value="" Footprint="DFN_3x3_6pin" ParamDesc1="" ParamDesc2="" Quantity="1"></ROW>
    <ROW Designator="X1, X2, X3, X4, X5" Value="" Footprint="Pad_1.5x1.5" ParamDesc1="" ParamDesc2="" Quantity="5"></ROW>
  </ROWS>
</GRID>
