<?xml version = "1.0" ?>
<?xml-stylesheet type="text/xsl" href="Bill of Materials-MobileDetector_R2.xsl"?>
<!DOCTYPE GRID [
  <!ELEMENT GRID (BANDS, COLUMNS, ROWS*)>
  <!ATTLIST GRID ExportVersion CDATA #REQUIRED>
  <!ELEMENT BANDS (BAND*)>
  <!ELEMENT BAND EMPTY>
  <!ATTLIST BAND Index CDATA #REQUIRED>
  <!ATTLIST BAND Caption CDATA #IMPLIED>
  <!ELEMENT COLUMNS (COLUMN*)>
  <!ELEMENT COLUMN EMPTY>
  <!ATTLIST COLUMN Name CDATA #REQUIRED>
  <!ATTLIST COLUMN Caption CDATA #IMPLIED>
  <!ATTLIST COLUMN Index CDATA #REQUIRED>
  <!ATTLIST COLUMN BandIndex CDATA #REQUIRED>
  <!ATTLIST COLUMN RowIndex CDATA #REQUIRED>
  <!ATTLIST COLUMN ColIndex CDATA #REQUIRED>
  <!ATTLIST COLUMN Width CDATA #IMPLIED>
  <!ELEMENT GROUP (GROUP*, ROW*)>
  <!ATTLIST GROUP GroupText CDATA #IMPLIED>
  <!ELEMENT ROWS (ROW*)>
  <!ELEMENT ROW EMPTY>
  <!ATTLIST ROW Designator CDATA #IMPLIED>
  <!ATTLIST ROW Value CDATA #IMPLIED>
  <!ATTLIST ROW Footprint CDATA #IMPLIED>
  <!ATTLIST ROW ParamDesc CDATA #IMPLIED>
  <!ATTLIST ROW ParamDesc1 CDATA #IMPLIED>
  <!ATTLIST ROW ParamDesc2 CDATA #IMPLIED>
  <!ATTLIST ROW Quantity CDATA #IMPLIED>
]>
<GRID ExportVersion="1.0">
  <BANDS>
    <BAND Index="0" Caption=""></BAND>
  </BANDS>
  <COLUMNS>
    <COLUMN Name="Designator" Caption="Designator" Index="0" BandIndex="0" RowIndex="0" ColIndex="0" Width="173"></COLUMN>
    <COLUMN Name="Value" Caption="Value" Index="1" BandIndex="0" RowIndex="0" ColIndex="1" Width="96"></COLUMN>
    <COLUMN Name="Footprint" Caption="Footprint" Index="2" BandIndex="0" RowIndex="0" ColIndex="2" Width="148"></COLUMN>
    <COLUMN Name="ParamDesc" Caption="ParamDesc" Index="3" BandIndex="0" RowIndex="0" ColIndex="3" Width="83"></COLUMN>
    <COLUMN Name="ParamDesc1" Caption="ParamDesc1" Index="4" BandIndex="0" RowIndex="0" ColIndex="4" Width="83"></COLUMN>
    <COLUMN Name="ParamDesc2" Caption="ParamDesc2" Index="5" BandIndex="0" RowIndex="0" ColIndex="5" Width="83"></COLUMN>
    <COLUMN Name="Quantity" Caption="Quantity" Index="6" BandIndex="0" RowIndex="0" ColIndex="6" Width="84"></COLUMN>
  </COLUMNS>
  <ROWS>
    <ROW Designator="BF1" Value="HCM1203X" Footprint="HCM1206" ParamDesc="" ParamDesc1="" ParamDesc2="" Quantity="1"></ROW>
    <ROW Designator="C1, C3" Value="0.1 &#1084;&#1082;&#1060;" Footprint="CAPC1608X45N&#40;0603&#41;" ParamDesc="" ParamDesc1="" ParamDesc2="10 &#1042; X7R" Quantity="2"></ROW>
    <ROW Designator="C2, C4, C5, C6, C7, C9, C10" Value="10 &#1084;&#1082;&#1060;" Footprint="CAPC2012X40N&#40;0805&#41;" ParamDesc="" ParamDesc1="" ParamDesc2="10 &#1042; X5R" Quantity="7"></ROW>
    <ROW Designator="C8" Value="0.1 &#1084;&#1082;&#1060;" Footprint="CAPC1608X45N&#40;0603&#41;" ParamDesc="" ParamDesc1="16 &#1042;" ParamDesc2="" Quantity="1"></ROW>
    <ROW Designator="C11" Value="10 &#1085;&#1060;" Footprint="CAPC1608X45N&#40;0603&#41;" ParamDesc="" ParamDesc1="" ParamDesc2="" Quantity="1"></ROW>
    <ROW Designator="C12" Value="10 &#1085;&#1060;" Footprint="CAPC1608X45N&#40;0603&#41;" ParamDesc="" ParamDesc1="" ParamDesc2="10 &#1042; X7R" Quantity="1"></ROW>
    <ROW Designator="C13, C38, C39" Value="0.1 &#1084;&#1082;&#1060;" Footprint="CAPC1608X45N&#40;0603&#41;" ParamDesc="" ParamDesc1="10 &#1042;" ParamDesc2="" Quantity="3"></ROW>
    <ROW Designator="C14" Value="10 &#1084;&#1082;&#1060;" Footprint="CAPMP3216X180N &#40;TANTAL A&#41;" ParamDesc="10 &#1042;" ParamDesc1="TANTAL" ParamDesc2="" Quantity="1"></ROW>
    <ROW Designator="C15, C18, C19, C20, C21, C22, C23, C34, C36, C37, C40" Value="0.1 &#1084;&#1082;&#1060;" Footprint="CAPC1608X45N&#40;0603&#41;" ParamDesc="" ParamDesc1="" ParamDesc2="" Quantity="11"></ROW>
    <ROW Designator="C16, C17" Value="22 &#1087;&#1060;" Footprint="CAPC1608X45N&#40;0603&#41;" ParamDesc="" ParamDesc1="" ParamDesc2="" Quantity="2"></ROW>
    <ROW Designator="C24" Value="4.7 &#1084;&#1082;&#1060;" Footprint="CAPC2012X40N&#40;0805&#41;" ParamDesc="" ParamDesc1="" ParamDesc2="16&#1042; X7R" Quantity="1"></ROW>
    <ROW Designator="C25" Value="1 &#1084;&#1082;&#1060;" Footprint="CAPC2012X40N&#40;0805&#41;" ParamDesc="" ParamDesc1="" ParamDesc2="X7R" Quantity="1"></ROW>
    <ROW Designator="C26, C27, C28, C29" Value="0.22 &#1084;&#1082;&#1060;" Footprint="CAPC1608X45N&#40;0603&#41;" ParamDesc="" ParamDesc1="" ParamDesc2="X7R" Quantity="4"></ROW>
    <ROW Designator="C30, C31, C32, C33" Value="1000 &#1087;&#1060;" Footprint="CAPC1608X45N&#40;0603&#41;" ParamDesc="" ParamDesc1="" ParamDesc2="NP0" Quantity="4"></ROW>
    <ROW Designator="C35, C41" Value="22 &#1084;&#1082;&#1060; 16&#1042;" Footprint="CAPMP3528X210N &#40;TANTAL B&#41;" ParamDesc="" ParamDesc1="TANTAL" ParamDesc2="" Quantity="2"></ROW>
    <ROW Designator="DA1" Value="TPS7A49DGN" Footprint="MSOP8-PowerPAD" ParamDesc="" ParamDesc1="" ParamDesc2="" Quantity="1"></ROW>
    <ROW Designator="DA2" Value="AD5227BUJZ10-R" Footprint="TSOT23-8" ParamDesc="" ParamDesc1="" ParamDesc2="" Quantity="1"></ROW>
    <ROW Designator="DA3" Value="LMP7721MA" Footprint="SOIC8" ParamDesc="" ParamDesc1="" ParamDesc2="" Quantity="1"></ROW>
    <ROW Designator="DA4" Value="LMP2011MF" Footprint="SOT23-5" ParamDesc="" ParamDesc1="" ParamDesc2="" Quantity="1"></ROW>
    <ROW Designator="DA5, DA7" Value="LMV431" Footprint="SOT95P230-3N&#40;SOT23&#41;" ParamDesc="" ParamDesc1="" ParamDesc2="" Quantity="2"></ROW>
    <ROW Designator="DA6" Value="ADM3485ARZ" Footprint="SO8" ParamDesc="" ParamDesc1="" ParamDesc2="" Quantity="1"></ROW>
    <ROW Designator="DD1" Value="MAX1836EUT33" Footprint="SOT23-6" ParamDesc="" ParamDesc1="" ParamDesc2="" Quantity="1"></ROW>
    <ROW Designator="DD2" Value="MAX1724EZK50" Footprint="SOT23-5" ParamDesc="" ParamDesc1="" ParamDesc2="" Quantity="1"></ROW>
    <ROW Designator="DD3" Value="STM32L152C6T6" Footprint="LQFP48" ParamDesc="" ParamDesc1="" ParamDesc2="" Quantity="1"></ROW>
    <ROW Designator="F1, F2" Value="MF-NSMF012" Footprint="1206" ParamDesc="" ParamDesc1="" ParamDesc2="" Quantity="2"></ROW>
    <ROW Designator="HL1" Value="BL-L513PGW" Footprint="LED_2pin_d5mm_NO_SILK" ParamDesc="" ParamDesc1="" ParamDesc2="" Quantity="1"></ROW>
    <ROW Designator="HL2, HL3" Value="L-59EYW" Footprint="LED_3pin_d5mm_NO_SILK" ParamDesc="" ParamDesc1="" ParamDesc2="" Quantity="2"></ROW>
    <ROW Designator="J1, J7" Value="PLS Jamper" Footprint="PLS2-02" ParamDesc="" ParamDesc1="" ParamDesc2="" Quantity="2"></ROW>
    <ROW Designator="K1" Value="G5V-1 5VDC" Footprint="G5V-1" ParamDesc="" ParamDesc1="" ParamDesc2="" Quantity="1"></ROW>
    <ROW Designator="L1" Value="LQH43PN470M26" Footprint="LQH43P_26_1812_Size" ParamDesc="" ParamDesc1="" ParamDesc2="" Quantity="1"></ROW>
    <ROW Designator="L2, L3" Value="LQH43CN100K03" Footprint="LQH43P_26_1812_Size" ParamDesc="" ParamDesc1="" ParamDesc2="" Quantity="2"></ROW>
    <ROW Designator="QZ1" Value="KX-9AE 16 MHz" Footprint="KX-9A" ParamDesc="" ParamDesc1="" ParamDesc2="" Quantity="1"></ROW>
    <ROW Designator="R1" Value="300 &#1082;" Footprint="RESC1608X45N&#40;0603&#41;" ParamDesc="" ParamDesc1="5&#37;" ParamDesc2="" Quantity="1"></ROW>
    <ROW Designator="R2" Value="180 &#1082;" Footprint="RESC1608X45N&#40;0603&#41;" ParamDesc="" ParamDesc1="1&#37;" ParamDesc2="" Quantity="1"></ROW>
    <ROW Designator="R3, R24" Value="100 &#1082;" Footprint="RESC1608X45N&#40;0603&#41;" ParamDesc="" ParamDesc1="1&#37;" ParamDesc2="" Quantity="2"></ROW>
    <ROW Designator="R4, R5, R6, R8, R10, R12, R13" Value="1 &#1082;" Footprint="RESC1608X45N&#40;0603&#41;" ParamDesc="" ParamDesc1="5&#37;" ParamDesc2="" Quantity="7"></ROW>
    <ROW Designator="R7, R9" Value="22 R" Footprint="RESC1608X45N&#40;0603&#41;" ParamDesc="" ParamDesc1="5&#37;" ParamDesc2="" Quantity="2"></ROW>
    <ROW Designator="R11, R14, R26" Value="100 &#1082;" Footprint="RESC1608X45N&#40;0603&#41;" ParamDesc="" ParamDesc1="5&#37;" ParamDesc2="" Quantity="3"></ROW>
    <ROW Designator="R15, R16" Value="2.7 &#1082;" Footprint="RESC1608X45N&#40;0603&#41;" ParamDesc="" ParamDesc1="5&#37;" ParamDesc2="" Quantity="2"></ROW>
    <ROW Designator="R17" Value="7.5 &#1082;" Footprint="RESC1608X45N&#40;0603&#41;" ParamDesc="" ParamDesc1="1&#37;" ParamDesc2="" Quantity="1"></ROW>
    <ROW Designator="R18" Value="30 &#1082;" Footprint="RESC1608X45N&#40;0603&#41;" ParamDesc="" ParamDesc1="1&#37;" ParamDesc2="" Quantity="1"></ROW>
    <ROW Designator="R19, R25" Value="1.3 &#1082;" Footprint="RESC1608X45N&#40;0603&#41;" ParamDesc="" ParamDesc1="1&#37;" ParamDesc2="" Quantity="2"></ROW>
    <ROW Designator="R20" Value="33 &#1082;" Footprint="RESC1608X45N&#40;0603&#41;" ParamDesc="" ParamDesc1="1&#37;" ParamDesc2="" Quantity="1"></ROW>
    <ROW Designator="R21" Value="6.2 &#1082;" Footprint="RESC1608X45N&#40;0603&#41;" ParamDesc="" ParamDesc1="1&#37;" ParamDesc2="" Quantity="1"></ROW>
    <ROW Designator="R22" Value="10 &#1082;" Footprint="82P" ParamDesc="" ParamDesc1="82PR10K" ParamDesc2="" Quantity="1"></ROW>
    <ROW Designator="R23" Value="300 &#1082;" Footprint="RESC1608X45N&#40;0603&#41;" ParamDesc="" ParamDesc1="1&#37;" ParamDesc2="" Quantity="1"></ROW>
    <ROW Designator="R27" Value="1&#1052;" Footprint="82P" ParamDesc="" ParamDesc1="82PR1M" ParamDesc2="" Quantity="1"></ROW>
    <ROW Designator="R28" Value="47 &#1082;" Footprint="RESC1608X45N&#40;0603&#41;" ParamDesc="" ParamDesc1="1&#37;" ParamDesc2="" Quantity="1"></ROW>
    <ROW Designator="R29" Value="4.7 &#1082;" Footprint="RESC1608X45N&#40;0603&#41;" ParamDesc="" ParamDesc1="1&#37;" ParamDesc2="" Quantity="1"></ROW>
    <ROW Designator="R30" Value="16 &#1082;" Footprint="RESC1608X45N&#40;0603&#41;" ParamDesc="" ParamDesc1="1&#37;" ParamDesc2="" Quantity="1"></ROW>
    <ROW Designator="R36" Value="10 &#1082;" Footprint="RESC1608X45N&#40;0603&#41;" ParamDesc="" ParamDesc1="5&#37;" ParamDesc2="" Quantity="1"></ROW>
    <ROW Designator="R37" Value="6.8 &#1082;" Footprint="RESC1608X45N&#40;0603&#41;" ParamDesc="" ParamDesc1="5&#37;" ParamDesc2="" Quantity="1"></ROW>
    <ROW Designator="SB1" Value="BS800L" Footprint="BS800L" ParamDesc="" ParamDesc1="" ParamDesc2="" Quantity="1"></ROW>
    <ROW Designator="SB2" Value="" Footprint="TS-06M-A" ParamDesc="" ParamDesc1="" ParamDesc2="" Quantity="1"></ROW>
    <ROW Designator="VD1" Value="BAT54C" Footprint="SOT95P230-3N&#40;SOT23&#41;" ParamDesc="" ParamDesc1="" ParamDesc2="" Quantity="1"></ROW>
    <ROW Designator="VD2, VD4" Value="PMEG6010CEH" Footprint="SOD123F" ParamDesc="" ParamDesc1="" ParamDesc2="" Quantity="2"></ROW>
    <ROW Designator="VD3" Value="PRTR5V0U2X" Footprint="SOT143_ROUND" ParamDesc="" ParamDesc1="" ParamDesc2="" Quantity="1"></ROW>
    <ROW Designator="VD5, VD6, VD7" Value="PESD3V3L1BA" Footprint="SOD323" ParamDesc="" ParamDesc1="" ParamDesc2="" Quantity="3"></ROW>
    <ROW Designator="VT1, VT2" Value="IRLML2060" Footprint="SOT95P230-3N&#40;SOT23&#41;" ParamDesc="" ParamDesc1="" ParamDesc2="" Quantity="2"></ROW>
    <ROW Designator="X3" Value="C8351-05BFDXNBFR" Footprint="C8351-05BFDGNBFR" ParamDesc="" ParamDesc1="" ParamDesc2="" Quantity="1"></ROW>
    <ROW Designator="X6" Value="5EHDR-02P" Footprint="5EHDR-02P" ParamDesc="" ParamDesc1="" ParamDesc2="" Quantity="1"></ROW>
    <ROW Designator="X7" Value="53398-0471" Footprint="53398-0471" ParamDesc="" ParamDesc1="" ParamDesc2="" Quantity="1"></ROW>
    <ROW Designator="X9" Value="DG306-5.0-02P" Footprint="MA522-500M02" ParamDesc="" ParamDesc1="" ParamDesc2="" Quantity="1"></ROW>
    <ROW Designator="ZL1, ZL2, ZL3" Value="BLM18PG181SN1" Footprint="IND-FB-0603-H0.8MM" ParamDesc="" ParamDesc1="" ParamDesc2="" Quantity="3"></ROW>
  </ROWS>
</GRID>
